country_name,year,total_oda_usd_millions
ACP,2010,1137416.62167
ACP,2011,1223499.391533
ACP,2012,1187944.650139
ACP,2013,1177398.601731
ACP,2014,1093128.075978
ACP,2015,1180208.851978
ACP,2016,1171090.661348
ACP,2017,1279477.480631
ACP,2018,1295605.619764
ACP,2019,1348676.647638
ACP,2020,1673911.7432
Afghanistan,2010,162970.80492
Afghanistan,2011,170762.50047600002
Afghanistan,2012,164202.792737
Afghanistan,2013,127577.690458
Afghanistan,2014,123981.860397
Afghanistan,2015,113741.581244
Afghanistan,2016,112573.472431
Afghanistan,2017,103696.355172
Afghanistan,2018,100078.476343
Afghanistan,2019,110827.288345
Afghanistan,2020,107957.574883
Africa,2010,1251708.87666
Africa,2011,1442256.811815
Africa,2012,1460188.398545
Africa,2013,1494405.41297
Africa,2014,1447311.377902
Africa,2015,1494661.399801
Africa,2016,1540266.865637
Africa,2017,1633126.91788
Africa,2018,1626550.64433
Africa,2019,1717103.902242
Africa,2020,2108512.223821
Africa unspecified,2010,42779.629414
Africa unspecified,2011,53860.532862
Africa unspecified,2012,57488.470076
Africa unspecified,2013,55166.491624
Africa unspecified,2014,69364.718125
Africa unspecified,2015,68413.250407
Africa unspecified,2016,90530.043752
Africa unspecified,2017,92151.131325
Africa unspecified,2018,100499.058054
Africa unspecified,2019,106121.490073
Africa unspecified,2020,144868.432797
African Development Bank [AfDB],2010,1775.748744
African Development Bank [AfDB],2011,10770.278003
African Development Bank [AfDB],2012,8638.628283
African Development Bank [AfDB],2013,9003.496946
African Development Bank [AfDB],2014,9214.407647
African Development Bank [AfDB],2015,8777.25335
African Development Bank [AfDB],2016,7933.298243
African Development Bank [AfDB],2017,6878.502917
African Development Bank [AfDB],2018,6414.5222380000005
African Development Bank [AfDB],2019,5017.738026
African Development Bank [AfDB],2020,9118.937387
African Development Fund [AfDF],2010,39428.320181999996
African Development Fund [AfDF],2011,40979.45085
African Development Fund [AfDF],2012,44586.69841
African Development Fund [AfDF],2013,45730.05227
African Development Fund [AfDF],2014,46780.159874
African Development Fund [AfDF],2015,45297.812537
African Development Fund [AfDF],2016,45391.974852
African Development Fund [AfDF],2017,59190.535084999996
African Development Fund [AfDF],2018,52335.074652999996
African Development Fund [AfDF],2019,48816.346509999996
African Development Fund [AfDF],2020,45984.44136
Albania,2010,9938.486647
Albania,2011,10844.789461
Albania,2012,10088.112002
Albania,2013,7308.002682
Albania,2014,7972.1501
Albania,2015,10489.151411
Albania,2016,5490.776417
Albania,2017,5487.010662
Albania,2018,11160.106308
Albania,2019,3549.774824
Albania,2020,9883.098292
Algeria,2010,6936.157747
Algeria,2011,5576.747426
Algeria,2012,5258.961571
Algeria,2013,6182.553787
Algeria,2014,5203.724921
Algeria,2015,3613.085249
Algeria,2016,5984.190681
Algeria,2017,6802.097452
Algeria,2018,5728.44117
Algeria,2019,6570.067906
Algeria,2020,7156.947759
All multilateral recipients,2010,1029369.900058
All multilateral recipients,2011,1022925.241608
All multilateral recipients,2012,1005622.302531
All multilateral recipients,2013,1059125.945319
All multilateral recipients,2014,1075739.707626
All multilateral recipients,2015,1060511.096035
All multilateral recipients,2016,1222951.914801
All multilateral recipients,2017,1211560.080857
All multilateral recipients,2018,1234507.898146
All multilateral recipients,2019,1206232.446796
All multilateral recipients,2020,1318570.159195
All recipients,2010,3596007.745877
All recipients,2011,3842630.227465
All recipients,2012,3768363.3002359997
All recipients,2013,3973472.17472
All recipients,2014,4186148.405748
All recipients,2015,4360169.459221
All recipients,2016,4849335.779506
All recipients,2017,4932826.95809
All recipients,2018,4863844.00337
All recipients,2019,4836253.681551
All recipients,2020,5565685.087593
America,2010,294450.876611
America,2011,282590.798932
America,2012,292690.193083
America,2013,284091.548721
America,2014,287982.055855
America,2015,317934.958016
America,2016,370472.190064
America,2017,277197.803808
America,2018,313001.153366
America,2019,265891.962415
America,2020,369756.312901
America unspecified,2010,22834.566028
America unspecified,2011,20799.61082
America unspecified,2012,28085.566068
America unspecified,2013,47125.818874
America unspecified,2014,36309.179947
America unspecified,2015,36573.122277
America unspecified,2016,20629.177707
America unspecified,2017,19409.613892
America unspecified,2018,22759.953618
America unspecified,2019,20419.112378
America unspecified,2020,27671.099199
Angola,2010,5890.920178
Angola,2011,4976.089674
Angola,2012,6602.7081689999995
Angola,2013,7955.176616
Angola,2014,6564.616821
Angola,2015,9875.625426999999
Angola,2016,6110.326882
Angola,2017,6518.542836
Angola,2018,4561.366017
Angola,2019,2313.0396690000002
Angola,2020,3352.80719
Anguilla,2010,249.587566
Anguilla,2011,9.541795
Anguilla,2012,134.77203600000001
Anguilla,2013,191.147602
Antigua and Barbuda,2010,455.797034
Antigua and Barbuda,2011,264.21553
Antigua and Barbuda,2012,54.933515
Antigua and Barbuda,2013,42.161013
Antigua and Barbuda,2014,57.555931
Antigua and Barbuda,2015,31.076156
Antigua and Barbuda,2016,-10.563066
Antigua and Barbuda,2017,417.666009
Antigua and Barbuda,2018,435.764775
Antigua and Barbuda,2019,651.962048
Antigua and Barbuda,2020,1024.699625
Argentina,2010,3546.949646
Argentina,2011,2813.962698
Argentina,2012,5642.190339
Argentina,2013,1436.962071
Argentina,2014,1724.719314
Argentina,2015,566.380244
Argentina,2016,1542.09657
Argentina,2017,1538.393653
Argentina,2018,2623.269489
Argentina,2019,1190.155986
Argentina,2020,4491.814307
Armenia,2010,7790.485989
Armenia,2011,10581.167872
Armenia,2012,8228.827274
Armenia,2013,8206.393175
Armenia,2014,7996.793029
Armenia,2015,10853.391935
Armenia,2016,11029.30383
Armenia,2017,9360.417186
Armenia,2018,5534.699964
Armenia,2019,11667.961593
Armenia,2020,4581.32858
AsDB Special Funds,2010,18040.133022
AsDB Special Funds,2011,24763.067643000002
AsDB Special Funds,2012,26249.305096
AsDB Special Funds,2013,20273.895293
AsDB Special Funds,2014,24086.62361
AsDB Special Funds,2015,20364.029212
AsDB Special Funds,2016,20914.842662
AsDB Special Funds,2017,14378.820653
AsDB Special Funds,2018,12551.911788
AsDB Special Funds,2019,12306.246895
AsDB Special Funds,2020,12047.433406
Asia,2010,903407.698115
Asia,2011,956961.945403
Asia,2012,883987.10026
Asia,2013,1109789.840476
Asia,2014,1251500.375483
Asia,2015,1162727.477061
Asia,2016,1257681.961126
Asia,2017,1379987.8094549999
Asia,2018,1375706.322719
Asia,2019,1353860.565479
Asia,2020,1524305.933053
Asia unspecified,2010,27880.970959
Asia unspecified,2011,26497.341039
Asia unspecified,2012,24721.187099
Asia unspecified,2013,28955.806739
Asia unspecified,2014,50089.514791
Asia unspecified,2015,35821.129382
Asia unspecified,2016,27842.457661
Asia unspecified,2017,42244.261891
Asia unspecified,2018,32563.022773
Asia unspecified,2019,30170.963267
Asia unspecified,2020,35134.181323
Asian Development Bank [AsDB],2010,4804.893842
Asian Development Bank [AsDB],2011,7684.027835
Asian Development Bank [AsDB],2012,5212.119908
Asian Development Bank [AsDB],2013,10669.999251
Asian Development Bank [AsDB],2014,9506.079426
Asian Development Bank [AsDB],2015,6534.491045
Asian Development Bank [AsDB],2016,1554.666726
Asian Development Bank [AsDB],2017,2158.585212
Asian Development Bank [AsDB],2018,2151.286816
Asian Development Bank [AsDB],2019,1819.506047
Asian Development Bank [AsDB],2020,1884.51298
Azerbaijan,2010,3684.708707
Azerbaijan,2011,6530.281879
Azerbaijan,2012,5968.592902
Azerbaijan,2013,-578.2262990000002
Azerbaijan,2014,5782.448908
Azerbaijan,2015,2412.607316
Azerbaijan,2016,2314.02759
Azerbaijan,2017,3768.200608
Azerbaijan,2018,3097.374304
Azerbaijan,2019,4665.9807040000005
Azerbaijan,2020,5929.068801
Bangladesh,2010,35268.549411
Bangladesh,2011,39685.937189
Bangladesh,2012,59372.007762
Bangladesh,2013,70229.336341
Bangladesh,2014,66737.511304
Bangladesh,2015,76033.31587
Bangladesh,2016,76552.877504
Bangladesh,2017,106091.638266
Bangladesh,2018,104595.790021
Bangladesh,2019,126681.786603
Bangladesh,2020,139441.269492
Barbados,2010,464.824378
Belarus,2010,3960.856457
Belarus,2011,3238.396676
Belarus,2012,3000.377236
Belarus,2013,3025.361679
Belarus,2014,3357.899583
Belarus,2015,3454.565214
Belarus,2016,1584.6491480000002
Belarus,2017,-1055.214027
Belarus,2018,3785.5714239999998
Belarus,2019,7102.204915
Belarus,2020,11226.867949
Belize,2010,604.099618
Belize,2011,567.732909
Belize,2012,716.026887
Belize,2013,1309.65164
Belize,2014,971.727014
Belize,2015,812.777074
Belize,2016,1099.199025
Belize,2017,1000.40101
Belize,2018,856.298638
Belize,2019,884.075681
Belize,2020,1545.678251
Benin,2010,17394.180806
Benin,2011,18103.40396
Benin,2012,14123.048286
Benin,2013,18462.544041
Benin,2014,16923.329197
Benin,2015,13602.587473
Benin,2016,16036.065252
Benin,2017,20766.983399
Benin,2018,16791.495984
Benin,2019,17795.746522
Benin,2020,28790.364736
Bhutan,2010,1899.419091
Bhutan,2011,2814.782988
Bhutan,2012,3784.84672
Bhutan,2013,3242.464942
Bhutan,2014,3356.790425
Bhutan,2015,2599.496249
Bhutan,2016,1251.435087
Bhutan,2017,4074.672287
Bhutan,2018,2982.972984
Bhutan,2019,4827.108567
Bhutan,2020,5407.230882
Bolivia,2010,14845.067326
Bolivia,2011,13927.785869
Bolivia,2012,17794.438607
Bolivia,2013,18615.931267
Bolivia,2014,18069.264433
Bolivia,2015,25331.107502
Bolivia,2016,21953.779233
Bolivia,2017,29427.490217
Bolivia,2018,20975.506292
Bolivia,2019,22391.674854
Bolivia,2020,9616.124513
Bosnia and Herzegovina,2010,11823.156660999999
Bosnia and Herzegovina,2011,17818.077056
Bosnia and Herzegovina,2012,16585.496038
Bosnia and Herzegovina,2013,14887.520593
Bosnia and Herzegovina,2014,17755.401923
Bosnia and Herzegovina,2015,12018.393983
Bosnia and Herzegovina,2016,14866.497838
Bosnia and Herzegovina,2017,15414.351473
Bosnia and Herzegovina,2018,10253.808216
Bosnia and Herzegovina,2019,13960.03415
Bosnia and Herzegovina,2020,13615.563446
Botswana,2010,4289.35794
Botswana,2011,3264.361029
Botswana,2012,2109.609842
Botswana,2013,2935.320057
Botswana,2014,2713.151398
Botswana,2015,1867.903698
Botswana,2016,2438.806944
Botswana,2017,2749.177695
Botswana,2018,2207.87145
Botswana,2019,1853.067575
Botswana,2020,2047.735495
Brazil,2010,17112.156593
Brazil,2011,23359.875586
Brazil,2012,46227.252177
Brazil,2013,25223.030779
Brazil,2014,30170.71609
Brazil,2015,35851.223377
Brazil,2016,23743.078642
Brazil,2017,14318.229856
Brazil,2018,14977.713604
Brazil,2019,12616.187694
Brazil,2020,19724.571683000002
Burkina Faso,2010,24606.100495
Burkina Faso,2011,26287.023379
Burkina Faso,2012,30894.79143
Burkina Faso,2013,28007.372057
Burkina Faso,2014,30113.310055
Burkina Faso,2015,30678.097685
Burkina Faso,2016,31888.567701
Burkina Faso,2017,27579.735381
Burkina Faso,2018,35577.032169
Burkina Faso,2019,33918.340150000004
Burkina Faso,2020,48868.396029999996
Burma/Myanmar,2010,9267.913542
Burma/Myanmar,2011,8711.533707
Burma/Myanmar,2012,11151.236419
Burma/Myanmar,2013,95400.593699
Burma/Myanmar,2014,41785.576587999996
Burma/Myanmar,2015,29019.185077
Burma/Myanmar,2016,38656.392435
Burma/Myanmar,2017,39327.668022
Burma/Myanmar,2018,43044.8043
Burma/Myanmar,2019,49236.661815
Burma/Myanmar,2020,67689.940399
Burundi,2010,15092.733733
Burundi,2011,14844.821126
Burundi,2012,13891.56286
Burundi,2013,14826.74032
Burundi,2014,13863.339259
Burundi,2015,11248.238573
Burundi,2016,23642.418667
Burundi,2017,12585.465945
Burundi,2018,12580.354882
Burundi,2019,15998.3277
Burundi,2020,13104.226522
Cambodia,2010,15741.136003
Cambodia,2011,15585.770457
Cambodia,2012,18470.832048
Cambodia,2013,18878.574385
Cambodia,2014,19687.498943
Cambodia,2015,18295.788101000002
Cambodia,2016,19203.068594
Cambodia,2017,22174.752045
Cambodia,2018,20364.297797
Cambodia,2019,26739.453483999998
Cambodia,2020,35205.833186
Cameroon,2010,14011.498708000001
Cameroon,2011,17343.24704
Cameroon,2012,17961.554017
Cameroon,2013,21915.542384
Cameroon,2014,25286.852345
Cameroon,2015,22400.441047
Cameroon,2016,26700.590739
Cameroon,2017,39117.335494
Cameroon,2018,36444.109898
Cameroon,2019,42003.675779
Cameroon,2020,39315.680847
Cape Verde,2010,9436.66773
Cape Verde,2011,7253.974266
Cape Verde,2012,7937.464808
Cape Verde,2013,7512.6428
Cape Verde,2014,7125.892615
Cape Verde,2015,5048.096773
Cape Verde,2016,3721.726323
Cape Verde,2017,3998.068537
Cape Verde,2018,2367.161842
Cape Verde,2019,4885.751709
Cape Verde,2020,4667.139298
Caribbean,2010,109128.637633
Caribbean,2011,60685.472637
Caribbean,2012,54857.271754
Caribbean,2013,46462.821458
Caribbean,2014,45904.918689
Caribbean,2015,59218.666088
Caribbean,2016,133086.598008
Caribbean,2017,58645.759287
Caribbean,2018,59916.989539
Caribbean,2019,45050.705608
Caribbean,2020,61360.159832
Caribbean Development Bank [CarDB],2010,1314.474908
Caribbean Development Bank [CarDB],2011,1367.843555
Caribbean Development Bank [CarDB],2012,1176.9254
Caribbean Development Bank [CarDB],2013,1485.662376
Caribbean Development Bank [CarDB],2014,1005.433399
Caribbean Development Bank [CarDB],2015,1108.738498
Caribbean Development Bank [CarDB],2016,1072.832056
Caribbean Development Bank [CarDB],2017,877.090811
Caribbean Development Bank [CarDB],2018,692.717895
Caribbean Development Bank [CarDB],2019,706.733982
Caribbean Development Bank [CarDB],2020,715.7213429999999
Caribbean unspecified,2010,3571.425476
Caribbean unspecified,2011,3899.363672
Caribbean unspecified,2012,5585.795578
Caribbean unspecified,2013,3482.462492
Caribbean unspecified,2014,4256.285987
Caribbean unspecified,2015,4474.532358
Caribbean unspecified,2016,6654.511852
Caribbean unspecified,2017,7317.545873
Caribbean unspecified,2018,7367.27042
Caribbean unspecified,2019,5033.419127
Caribbean unspecified,2020,4835.605606
Central African Republic,2010,7460.0706549999995
Central African Republic,2011,7051.198087
Central African Republic,2012,6427.455661
Central African Republic,2013,5692.0642
Central African Republic,2014,17684.05659
Central African Republic,2015,15598.192884
Central African Republic,2016,16120.830052
Central African Republic,2017,15996.322395
Central African Republic,2018,19038.862602
Central African Republic,2019,20106.670056
Central African Republic,2020,23481.130393
Central America,2010,63849.998684
Central America,2011,76338.02429
Central America,2012,61744.94493
Central America,2013,71744.621738
Central America,2014,64375.519419
Central America,2015,60910.366421
Central America,2016,73233.735591
Central America,2017,78068.278683
Central America,2018,70261.303146
Central America,2019,70644.146603
Central America,2020,107505.37263
Central America and the Caribbean,2010,180608.64713
Central America and the Caribbean,2011,147973.368217
Central America and the Caribbean,2012,131525.799642
Central America and the Caribbean,2013,130468.487806
Central America and the Caribbean,2014,121900.038114
Central America and the Caribbean,2015,131324.531877
Central America and the Caribbean,2016,218613.28333099998
Central America and the Caribbean,2017,148528.276258
Central America and the Caribbean,2018,140366.634901
Central America and the Caribbean,2019,127504.262266
Central America and the Caribbean,2020,178452.423437
Central America and the Caribbean unspecified,2010,7630.010813
Central America and the Caribbean unspecified,2011,10949.871293
Central America and the Caribbean unspecified,2012,14923.582956
Central America and the Caribbean unspecified,2013,12261.04463
Central America and the Caribbean unspecified,2014,11619.599999
Central America and the Caribbean unspecified,2015,11195.499392
Central America and the Caribbean unspecified,2016,12292.949725
Central America and the Caribbean unspecified,2017,11814.238245
Central America and the Caribbean unspecified,2018,10188.342193
Central America and the Caribbean unspecified,2019,11809.410078
Central America and the Caribbean unspecified,2020,9586.890953
Central America unspecified,2019,749.657479
Central America unspecified,2020,2264.063458
Central American Bank for Economic Integration [CABEI],2010,-153.930455
Central American Bank for Economic Integration [CABEI],2011,-121.61487
Central American Bank for Economic Integration [CABEI],2012,-61.849419999999995
Central American Bank for Economic Integration [CABEI],2013,-62.204100000000004
Central American Bank for Economic Integration [CABEI],2014,-62.57021
Central American Bank for Economic Integration [CABEI],2015,-26.575120000000002
Central American Bank for Economic Integration [CABEI],2016,-30.994310000000002
Central American Bank for Economic Integration [CABEI],2017,-31.099300000000003
Central American Bank for Economic Integration [CABEI],2018,-15.44587
Central American Bank for Economic Integration [CABEI],2020,3064.160738
Central Asia unspecified,2010,6219.009354
Central Asia unspecified,2011,5128.5622809999995
Central Asia unspecified,2012,6009.779114
Central Asia unspecified,2013,6969.16537
Central Asia unspecified,2014,6651.192034
Central Asia unspecified,2015,4525.656815
Central Asia unspecified,2016,4061.393497
Central Asia unspecified,2017,4413.794355
Central Asia unspecified,2018,4568.777154
Central Asia unspecified,2019,6934.955141
Central Asia unspecified,2020,5312.274678
Chad,2010,15441.978772
Chad,2011,13376.837005
Chad,2012,13864.214675
Chad,2013,13192.434752
Chad,2014,10985.275924
Chad,2015,24386.832557
Chad,2016,18767.196049
Chad,2017,19886.062365
Chad,2018,25146.099495
Chad,2019,18790.028921
Chad,2020,27565.458141
Chile,2010,6030.480069
Chile,2011,5202.154359
Chile,2012,3881.603871
Chile,2013,2428.702324
Chile,2014,8515.571017
Chile,2015,1926.8726649999999
Chile,2016,7633.948211
Chile,2017,2724.70025
China (People’s Republic of),2010,40037.885574
China (People’s Republic of),2011,8438.460741
China (People’s Republic of),2012,22198.565177
China (People’s Republic of),2013,3136.914668000001
China (People’s Republic of),2014,-4615.7570399999995
China (People’s Republic of),2015,13108.690753
China (People’s Republic of),2016,5408.181818999999
China (People’s Republic of),2017,-3553.890289
China (People’s Republic of),2018,4180.791912
China (People’s Republic of),2019,9264.699037
China (People’s Republic of),2020,7195.477008
Colombia,2010,20663.881411
Colombia,2011,28636.521108
Colombia,2012,21855.136018
Colombia,2013,24398.136155
Colombia,2014,37388.649167999996
Colombia,2015,46252.918494
Colombia,2016,36710.664923
Colombia,2017,25688.474802
Colombia,2018,57834.854458
Colombia,2019,23522.123527
Colombia,2020,60166.532273
Comoros,2010,1507.256455
Comoros,2011,1559.8427179999999
Comoros,2012,2861.242648
Comoros,2013,3145.19741
Comoros,2014,2095.769903
Comoros,2015,2055.574624
Comoros,2016,1723.21693
Comoros,2017,2043.670444
Comoros,2018,2261.518805
Comoros,2019,2097.928453
Comoros,2020,3381.685689
Contexts in high and extreme fragility,2010,1510677.165588
Contexts in high and extreme fragility,2011,1630076.189943
Contexts in high and extreme fragility,2012,1588036.139194
Contexts in high and extreme fragility,2013,1734957.032101
Contexts in high and extreme fragility,2014,1665877.992788
Contexts in high and extreme fragility,2015,1776692.943347
Contexts in high and extreme fragility,2016,1912706.098522
Contexts in high and extreme fragility,2017,2131742.901318
Contexts in high and extreme fragility,2018,2150504.041294
Contexts in high and extreme fragility,2019,2202926.750832
Contexts in high and extreme fragility,2020,2502330.577956
Cook Islands,2010,281.982452
Cook Islands,2011,480.747527
Cook Islands,2012,401.319495
Cook Islands,2013,272.990157
Cook Islands,2014,480.494914
Cook Islands,2015,525.489177
Cook Islands,2016,499.122314
Cook Islands,2017,423.491805
Cook Islands,2018,622.300239
Cook Islands,2019,532.867092
Costa Rica,2010,2231.379839
Costa Rica,2011,1299.651632
Costa Rica,2012,1195.310274
Costa Rica,2013,1184.213558
Costa Rica,2014,1753.929388
Costa Rica,2015,3318.5639499999997
Costa Rica,2016,3255.975259
Costa Rica,2017,2654.164333
Costa Rica,2018,2870.000281
Costa Rica,2019,1756.251537
Costa Rica,2020,8105.705863
Countries not classified by the World Bank,2010,109847.804926
Countries not classified by the World Bank,2011,104512.774839
Countries not classified by the World Bank,2012,99626.552614
Countries not classified by the World Bank,2013,116208.524934
Countries not classified by the World Bank,2014,106652.135029
Countries not classified by the World Bank,2015,104924.951928
Countries not classified by the World Bank,2016,137131.642201
Countries not classified by the World Bank,2017,135866.635122
Countries not classified by the World Bank,2018,156059.776859
Countries not classified by the World Bank,2019,151209.732836
Countries not classified by the World Bank,2020,165975.653516
Countries unallocated by income,2010,1030204.255102
Countries unallocated by income,2011,1051519.729586
Countries unallocated by income,2012,1017616.228895
Countries unallocated by income,2013,1115705.87482
Countries unallocated by income,2014,1340257.48499
Countries unallocated by income,2015,1390903.812317
Countries unallocated by income,2016,1599576.117468
Countries unallocated by income,2017,1606839.067636
Countries unallocated by income,2018,1559429.617325
Countries unallocated by income,2019,1573731.415614
Countries unallocated by income,2020,1692852.429872
Croatia,2010,4744.813418
Cuba,2010,3537.726102
Cuba,2011,2190.274141
Cuba,2012,2065.106746
Cuba,2013,2443.670373
Cuba,2014,3629.930311
Cuba,2015,10619.200173
Cuba,2016,86480.511547
Cuba,2017,15688.022757
Cuba,2018,15070.709945999999
Cuba,2019,7382.780481
Cuba,2020,9027.07045
Côte d’Ivoire,2010,21325.272453
Côte d’Ivoire,2011,42425.427473
Côte d’Ivoire,2012,100265.400573
Côte d’Ivoire,2013,40813.361999
Côte d’Ivoire,2014,24298.971458
Côte d’Ivoire,2015,19629.568872
Côte d’Ivoire,2016,18854.547879
Côte d’Ivoire,2017,26575.763071
Côte d’Ivoire,2018,29443.010305
Côte d’Ivoire,2019,36624.359264
Côte d’Ivoire,2020,45438.902238
Democratic People’s Republic of Korea,2010,2054.266597
Democratic People’s Republic of Korea,2011,2529.48796
Democratic People’s Republic of Korea,2012,2186.042275
Democratic People’s Republic of Korea,2013,2120.015556
Democratic People’s Republic of Korea,2014,2796.647167
Democratic People’s Republic of Korea,2015,2591.872532
Democratic People’s Republic of Korea,2016,2394.81062
Democratic People’s Republic of Korea,2017,2622.227197
Democratic People’s Republic of Korea,2018,2313.262008
Democratic People’s Republic of Korea,2019,2367.946359
Democratic People’s Republic of Korea,2020,2210.541049
Democratic Republic of the Congo,2010,111106.989856
Democratic Republic of the Congo,2011,174115.294241
Democratic Republic of the Congo,2012,83283.65563
Democratic Republic of the Congo,2013,68348.480338
Democratic Republic of the Congo,2014,63970.111518
Democratic Republic of the Congo,2015,76376.360498
Democratic Republic of the Congo,2016,62983.624709
Democratic Republic of the Congo,2017,66454.142663
Democratic Republic of the Congo,2018,72379.100553
Democratic Republic of the Congo,2019,80384.385425
Democratic Republic of the Congo,2020,91266.031619
Developing countries,2010,3391896.327105
Developing countries,2011,3706859.472585
Developing countries,2012,3636354.375324
Developing countries,2013,3864619.011906
Developing countries,2014,4122455.065904
Developing countries,2015,4321166.991143
Developing countries,2016,4752861.188049
Developing countries,2017,4865248.562803
Developing countries,2018,4764033.217302
Developing countries,2019,4757945.100762
Developing countries,2020,5541761.246503
Developing countries unspecified,2010,739978.823541
Developing countries unspecified,2011,723328.287967
Developing countries unspecified,2012,713520.877987
Developing countries unspecified,2013,741704.471666
Developing countries unspecified,2014,839462.024369
Developing countries unspecified,2015,1057807.914158
Developing countries unspecified,2016,1261663.464986
Developing countries unspecified,2017,1243140.482322
Developing countries unspecified,2018,1178483.019563
Developing countries unspecified,2019,1183192.046317
Developing countries unspecified,2020,1224608.90542
Djibouti,2010,3121.55397
Djibouti,2011,3685.505094
Djibouti,2012,3697.634439
Djibouti,2013,3911.59899
Djibouti,2014,4220.513586
Djibouti,2015,4901.670932
Djibouti,2016,4907.895393
Djibouti,2017,3856.9634
Djibouti,2018,4667.602069
Djibouti,2019,6663.354142
Djibouti,2020,6895.344663
Dominica,2010,907.041623
Dominica,2011,647.428837
Dominica,2012,806.634019
Dominica,2013,634.644878
Dominica,2014,493.429171
Dominica,2015,374.024741
Dominica,2016,267.71412
Dominica,2017,648.878808
Dominica,2018,835.321162
Dominica,2019,1343.48205
Dominica,2020,1569.609063
Dominican Republic,2010,5635.225057
Dominican Republic,2011,7461.003778
Dominican Republic,2012,8548.598461
Dominican Republic,2013,4197.749906
Dominican Republic,2014,4646.319402
Dominican Republic,2015,10366.604402
Dominican Republic,2016,5973.943149
Dominican Republic,2017,3633.382874
Dominican Republic,2018,2542.24663
Dominican Republic,2019,4105.139745
Dominican Republic,2020,13095.801763
Eastern Africa,2010,496685.229771
Eastern Africa,2011,548198.472765
Eastern Africa,2012,571517.211342
Eastern Africa,2013,645954.25236
Eastern Africa,2014,586969.417537
Eastern Africa,2015,600405.47907
Eastern Africa,2016,635819.343143
Eastern Africa,2017,699996.044126
Eastern Africa,2018,672481.03747
Eastern Africa,2019,702339.508205
Eastern Africa,2020,892843.649335
Eastern Africa unspecified,2019,3613.340822
Eastern Africa unspecified,2020,10834.353993
Ecuador,2010,5080.709325
Ecuador,2011,5262.065098
Ecuador,2012,4609.226359
Ecuador,2013,4683.245585
Ecuador,2014,5334.43359
Ecuador,2015,11873.431564
Ecuador,2016,8782.81222
Ecuador,2017,7086.317024
Ecuador,2018,13432.82803
Ecuador,2019,17888.509785
Ecuador,2020,11310.771114
Egypt,2010,18991.50187
Egypt,2011,14601.670853
Egypt,2012,46635.26045
Egypt,2013,86924.100461
Egypt,2014,55207.186138
Egypt,2015,54275.765472
Egypt,2016,55246.584289
Egypt,2017,11556.091677
Egypt,2018,48656.963255
Egypt,2019,50968.458613
Egypt,2020,45617.521314
El Salvador,2010,8455.517491
El Salvador,2011,8261.684654
El Salvador,2012,6500.4706559999995
El Salvador,2013,4820.4016679999995
El Salvador,2014,2896.456124
El Salvador,2015,2826.225806
El Salvador,2016,4410.051768
El Salvador,2017,4731.621536
El Salvador,2018,7358.898861
El Salvador,2019,9016.371699
El Salvador,2020,9075.680377
Equatorial Guinea,2010,2877.011373
Equatorial Guinea,2011,622.0299219999999
Equatorial Guinea,2012,471.329492
Equatorial Guinea,2013,157.214898
Equatorial Guinea,2014,83.156548
Equatorial Guinea,2015,241.324728
Equatorial Guinea,2016,219.492327
Equatorial Guinea,2017,238.681174
Equatorial Guinea,2018,249.807132
Equatorial Guinea,2019,1563.816072
Equatorial Guinea,2020,210.295889
Eritrea,2010,3916.150166
Eritrea,2011,3290.870329
Eritrea,2012,2911.325846
Eritrea,2013,2081.159202
Eritrea,2014,2142.256161
Eritrea,2015,2080.834703
Eritrea,2016,1842.959901
Eritrea,2017,1884.002291
Eritrea,2018,2082.731375
Eritrea,2019,4616.342564
Eritrea,2020,1541.786603
Eswatini,2010,2414.21911
Eswatini,2011,3144.8170059999998
Eswatini,2012,2519.029446
Eswatini,2013,3109.765677
Eswatini,2014,2334.491341
Eswatini,2015,2633.936049
Eswatini,2016,3949.665619
Eswatini,2017,3971.82068
Eswatini,2018,3004.9644319999998
Eswatini,2019,1848.244078
Eswatini,2020,2769.793665
Ethiopia,2010,80730.744878
Ethiopia,2011,95046.284485
Ethiopia,2012,88358.543026
Ethiopia,2013,106167.98375099999
Ethiopia,2014,97599.715604
Ethiopia,2015,95788.861356
Ethiopia,2016,128142.420428
Ethiopia,2017,126882.61773299999
Ethiopia,2018,146187.747822
Ethiopia,2019,136177.390934
Ethiopia,2020,149675.068347
Europe,2010,162790.665581
Europe,2011,258393.314074
Europe,2012,241846.340378
Europe,2013,189890.637053
Europe,2014,256356.749683
Europe,2015,241381.071665
Europe,2016,281248.615292
Europe,2017,283489.736731
Europe,2018,215162.47687399999
Europe,2019,185973.16780999998
Europe,2020,242639.838345
Europe unspecified,2010,34175.776651
Europe unspecified,2011,28395.419454
Europe unspecified,2012,23174.077558
Europe unspecified,2013,25689.431992
Europe unspecified,2014,25739.90144
Europe unspecified,2015,33148.678932
Europe unspecified,2016,27654.820851
Europe unspecified,2017,32730.107535
Europe unspecified,2018,35398.230703
Europe unspecified,2019,33477.149756
Europe unspecified,2020,31745.25791
European Commission [EC],2010,252639.149804
European Commission [EC],2011,240950.37955800002
European Commission [EC],2012,234387.844236
European Commission [EC],2013,233938.23580599998
European Commission [EC],2014,249557.924416
European Commission [EC],2015,257624.92472
European Commission [EC],2016,310914.50596
European Commission [EC],2017,300351.344448
European Commission [EC],2018,300162.58705
European Commission [EC],2019,306168.176174
European Commission [EC],2020,337333.984034
European Development Fund [EDF],2010,133627.411368
European Development Fund [EDF],2011,124507.241908
European Development Fund [EDF],2012,101886.637156
European Development Fund [EDF],2013,112299.178976
European Development Fund [EDF],2014,109679.042668
European Development Fund [EDF],2015,111831.90163
European Development Fund [EDF],2016,122527.53045
European Development Fund [EDF],2017,133057.678412
European Development Fund [EDF],2018,144813.809776
European Development Fund [EDF],2019,161203.763984
European Development Fund [EDF],2020,142952.325184
European Investment Bank [EIB],2010,-385.892232
European Investment Bank [EIB],2011,186.32184
European Investment Bank [EIB],2012,250.30910599999999
European Investment Bank [EIB],2013,924.328346
European Investment Bank [EIB],2014,361.352844
European Investment Bank [EIB],2015,568.44276
European Investment Bank [EIB],2016,-39.60912400000001
European Investment Bank [EIB],2017,444.562406
European Investment Bank [EIB],2018,625.691692
European Investment Bank [EIB],2019,642.884028
European Investment Bank [EIB],2020,754.847144
Far East Asia,2010,194323.314798
Far East Asia,2011,164751.010304
Far East Asia,2012,191545.138686
Far East Asia,2013,184990.144831
Far East Asia,2014,193123.107203
Far East Asia,2015,192234.127612
Far East Asia,2016,178430.687911
Far East Asia,2017,174514.54198
Far East Asia,2018,184825.598676
Far East Asia,2019,129913.261002
Far East Asia,2020,230280.340605
Far East Asia unspecified,2010,4825.606524
Far East Asia unspecified,2011,7129.897878
Far East Asia unspecified,2012,6437.275508
Far East Asia unspecified,2013,7876.754346
Far East Asia unspecified,2014,7706.176905
Far East Asia unspecified,2015,8300.127216
Far East Asia unspecified,2016,6784.00232
Far East Asia unspecified,2017,9660.507999
Far East Asia unspecified,2018,5782.283014
Far East Asia unspecified,2019,6938.150933
Far East Asia unspecified,2020,8317.255637
Fiji,2010,1612.0569560000001
Fiji,2011,1410.57288
Fiji,2012,2011.713148
Fiji,2013,1874.025514
Fiji,2014,1924.160342
Fiji,2015,2483.122467
Fiji,2016,2892.444779
Fiji,2017,3595.324011
Fiji,2018,2663.600832
Fiji,2019,2910.996435
Fiji,2020,4698.36365
Gabon,2010,3100.088693
Gabon,2011,2038.774943
Gabon,2012,2523.318518
Gabon,2013,2895.89947
Gabon,2014,3713.791715
Gabon,2015,3789.1362050000002
Gabon,2016,1476.469976
Gabon,2017,4183.07558
Gabon,2018,4322.838054
Gabon,2019,5206.52497
Gabon,2020,1921.409267
Georgia,2010,16928.516861
Georgia,2011,16406.912313
Georgia,2012,20213.218078
Georgia,2013,18532.107549
Georgia,2014,15675.476635
Georgia,2015,14035.351293
Georgia,2016,15294.696805
Georgia,2017,14252.442854
Georgia,2018,19847.046803
Georgia,2019,18745.557546
Georgia,2020,37471.767151
Ghana,2010,37978.800481
Ghana,2011,49743.345616
Ghana,2012,47696.230842
Ghana,2013,36019.294137
Ghana,2014,31281.263333
Ghana,2015,53168.594099
Ghana,2016,36283.756518
Ghana,2017,38271.085802
Ghana,2018,30080.172915
Ghana,2019,26258.568394
Ghana,2020,59366.892121
Grenada,2010,784.826228
Grenada,2011,232.612283
Grenada,2012,218.504212
Grenada,2013,383.724947
Grenada,2014,1153.213868
Grenada,2015,844.985877
Grenada,2016,360.643951
Grenada,2017,340.380492
Grenada,2018,1464.034344
Grenada,2019,445.22119
Grenada,2020,1771.843957
Guatemala,2010,11233.164531
Guatemala,2011,9707.230076
Guatemala,2012,8493.35707
Guatemala,2013,13892.613102
Guatemala,2014,7690.603769
Guatemala,2015,12080.531673
Guatemala,2016,7831.786417
Guatemala,2017,10519.190319
Guatemala,2018,11037.653182
Guatemala,2019,11017.53422
Guatemala,2020,14053.178089000001
Guinea,2010,6847.339801
Guinea,2011,6242.07407
Guinea,2012,22777.619651
Guinea,2013,14004.19671
Guinea,2014,14861.410395
Guinea,2015,16028.698416
Guinea,2016,17164.341125
Guinea,2017,12991.428221
Guinea,2018,17734.199546
Guinea,2019,16353.519921
Guinea,2020,19264.551050000002
Guinea-Bissau,2010,4476.389073
Guinea-Bissau,2011,4336.132413
Guinea-Bissau,2012,2185.475918
Guinea-Bissau,2013,2698.107583
Guinea-Bissau,2014,2979.112238
Guinea-Bissau,2015,2878.953867
Guinea-Bissau,2016,7019.0506510000005
Guinea-Bissau,2017,3392.106268
Guinea-Bissau,2018,4677.033737
Guinea-Bissau,2019,3327.533325
Guinea-Bissau,2020,4078.505841
Guyana,2010,2552.120284
Guyana,2011,2384.052052
Guyana,2012,3140.716175
Guyana,2013,2858.735552
Guyana,2014,3112.67675
Guyana,2015,1082.009887
Guyana,2016,2200.879143
Guyana,2017,1594.460322
Guyana,2018,3142.736507
Guyana,2019,2635.8886390000002
Guyana,2020,1337.279951
Haiti,2010,86643.92396
Haiti,2011,41799.665294
Haiti,2012,33937.025315
Haiti,2013,29955.506396
Haiti,2014,27403.845663
Haiti,2015,28581.348509
Haiti,2016,30055.857716
Haiti,2017,26874.845392
Haiti,2018,27290.002913
Haiti,2019,18507.727911
Haiti,2020,22664.542867
Heavily-indebted poor countries,2010,1146171.804021
Heavily-indebted poor countries,2011,1204858.7430750001
Heavily-indebted poor countries,2012,1156071.773061
Heavily-indebted poor countries,2013,1082366.987736
Heavily-indebted poor countries,2014,1021296.464929
Heavily-indebted poor countries,2015,1095599.564119
Heavily-indebted poor countries,2016,1091111.260765
Heavily-indebted poor countries,2017,1165316.95713
Heavily-indebted poor countries,2018,1166511.46679
Heavily-indebted poor countries,2019,1205179.555851
Heavily-indebted poor countries,2020,1475795.584847
High income countries (World Bank),2010,23367.183989
High income countries (World Bank),2011,14072.394156
High income countries (World Bank),2012,12451.667804
High income countries (World Bank),2013,10501.479782
High income countries (World Bank),2014,14045.692302
High income countries (World Bank),2015,8595.033989
High income countries (World Bank),2016,15491.143915999999
High income countries (World Bank),2017,12666.942272
High income countries (World Bank),2018,10473.067658
High income countries (World Bank),2019,9270.741552
High income countries (World Bank),2020,15510.865756
Honduras,2010,10510.423765
Honduras,2011,10357.158804
Honduras,2012,15641.515509
Honduras,2013,17456.505874
Honduras,2014,16409.49656
Honduras,2015,16304.278376
Honduras,2016,12251.26683
Honduras,2017,12978.857563
Honduras,2018,19179.103326
Honduras,2019,12773.926453
Honduras,2020,31475.817759
IDA-MDRI,2010,6346.686328
IDA-MDRI,2011,6068.38911
IDA-MDRI,2012,10752.274046
IDA-MDRI,2013,7613.553892
IDA-MDRI,2014,9331.294611
IDA-MDRI,2015,9657.276075
IDA-MDRI,2016,10494.383753
IDA-MDRI,2017,11554.333588
IDA-MDRI,2018,25972.581068
IDA-MDRI,2019,17175.52082
IDA-MDRI,2020,20179.620537
IDB Special Oper. Fund,2010,7219.20954
IDB Special Oper. Fund,2011,182.9547
IDB Special Oper. Fund,2012,3115.259389
IDB Special Oper. Fund,2013,3967.6095
IDB Special Oper. Fund,2014,3742.199566
IDB Special Oper. Fund,2015,3479.484117
IDB Special Oper. Fund,2016,3256.369198
IDB Special Oper. Fund,2017,699.800864
IDB Special Oper. Fund,2018,10.618479999999998
IDB Special Oper. Fund,2019,-817.093184
IDB Special Oper. Fund,2020,4.591216
IFAD,2010,9044.4679
IFAD,2011,6740.063682
IFAD,2012,6760.025564
IFAD,2013,8861.436019
IFAD,2014,7450.617111
IFAD,2015,4921.111656
IFAD,2016,7254.913596
IFAD,2017,8388.964795
IFAD,2018,10180.82058
IFAD,2019,16880.502204
IFAD,2020,6209.0208
India,2010,71046.363081
India,2011,98442.271779
India,2012,49286.476822
India,2013,78120.89451
India,2014,96700.894072
India,2015,113734.22895
India,2016,95333.383502
India,2017,112674.697588
India,2018,87443.430257
India,2019,95503.960759
India,2020,80394.041631
Indonesia,2010,37393.031827
Indonesia,2011,18721.29018
Indonesia,2012,11027.514074
Indonesia,2013,8442.53832
Indonesia,2014,2797.9461619999997
Indonesia,2015,15305.225006
Indonesia,2016,20556.493704
Indonesia,2017,25394.725886
Indonesia,2018,55612.495939
Indonesia,2019,-5533.642947
Indonesia,2020,53914.089625
Inter-American Development Bank [IDB],2010,1570.144482
Inter-American Development Bank [IDB],2011,3057.226624
Inter-American Development Bank [IDB],2012,3781.780073
Inter-American Development Bank [IDB],2013,2380.33983
Inter-American Development Bank [IDB],2014,1828.549534
Inter-American Development Bank [IDB],2015,1951.378617
Inter-American Development Bank [IDB],2016,2728.714
Inter-American Development Bank [IDB],2017,3341.925532
Inter-American Development Bank [IDB],2018,1746.857677
Inter-American Development Bank [IDB],2019,4202.866514
Inter-American Development Bank [IDB],2020,1700.496797
International Bank for Reconstruction and Development [IBRD],2010,8230.499022
International Bank for Reconstruction and Development [IBRD],2011,13312.56968
International Bank for Reconstruction and Development [IBRD],2012,17778.778935
International Bank for Reconstruction and Development [IBRD],2013,19267.846566
International Bank for Reconstruction and Development [IBRD],2014,18444.351528
International Bank for Reconstruction and Development [IBRD],2015,15183.839337
International Bank for Reconstruction and Development [IBRD],2016,11797.288953
International Bank for Reconstruction and Development [IBRD],2017,2354.567117
International Bank for Reconstruction and Development [IBRD],2018,2474.236002
International Bank for Reconstruction and Development [IBRD],2019,24630.44443
International Bank for Reconstruction and Development [IBRD],2020,18708.150763999998
International Development Association [IDA],2010,220592.695486
International Development Association [IDA],2011,238044.415366
International Development Association [IDA],2012,196439.519007
International Development Association [IDA],2013,212052.471716
International Development Association [IDA],2014,217021.842374
International Development Association [IDA],2015,212604.33630599998
International Development Association [IDA],2016,222808.776308
International Development Association [IDA],2017,214938.686293
International Development Association [IDA],2018,275624.047058
International Development Association [IDA],2019,199667.49875199998
International Development Association [IDA],2020,189478.711521
International Finance Corporation [IFC],2010,474.81138799999997
International Finance Corporation [IFC],2011,128.223806
International Finance Corporation [IFC],2012,269.111262
International Finance Corporation [IFC],2013,409.072108
International Finance Corporation [IFC],2014,643.876836
International Finance Corporation [IFC],2015,530.510983
International Finance Corporation [IFC],2016,346.843156
International Finance Corporation [IFC],2017,135.276792
International Finance Corporation [IFC],2018,49.524848000000006
International Finance Corporation [IFC],2019,136.317672
International Finance Corporation [IFC],2020,5286.381646
International Monetary Fund [IMF],2010,14544.182515
International Monetary Fund [IMF],2011,2057.245918
International Monetary Fund [IMF],2012,5256.955443
International Monetary Fund [IMF],2013,13115.138402999999
International Monetary Fund [IMF],2014,1119.902928
International Monetary Fund [IMF],2015,-2827.4319920000003
International Monetary Fund [IMF],2016,8086.947733999999
International Monetary Fund [IMF],2017,19855.157017999998
International Monetary Fund [IMF],2018,-7155.70078
International Monetary Fund [IMF],2019,-10538.380753
International Monetary Fund [IMF],2020,56582.991019
Iran,2010,3654.557762
Iran,2011,3451.445676
Iran,2012,4537.225099
Iran,2013,4061.184736
Iran,2014,3188.549075
Iran,2015,4243.3947
Iran,2016,4826.806093
Iran,2017,5214.708807
Iran,2018,5784.266183
Iran,2019,7110.099285
Iran,2020,7748.138397
Iraq,2010,59373.931592
Iraq,2011,49298.532163
Iraq,2012,30895.448534
Iraq,2013,35540.13256
Iraq,2014,35082.338086
Iraq,2015,43473.697215
Iraq,2016,66196.12276
Iraq,2017,89464.079122
Iraq,2018,67239.580682
Iraq,2019,63017.226923
Iraq,2020,63356.819573
Jamaica,2010,4263.233878
Jamaica,2011,1364.340051
Jamaica,2012,1006.5068329999999
Jamaica,2013,2097.191566
Jamaica,2014,2618.904039
Jamaica,2015,1865.93049
Jamaica,2016,1196.240421
Jamaica,2017,1889.305047
Jamaica,2018,2964.715523
Jamaica,2019,3655.39719
Jamaica,2020,1722.988435
Jordan,2010,24623.530652
Jordan,2011,24740.021338
Jordan,2012,32314.280057
Jordan,2013,36372.407421
Jordan,2014,62793.349138
Jordan,2015,58377.416021
Jordan,2016,75631.853363
Jordan,2017,76504.67491
Jordan,2018,68821.174676
Jordan,2019,74816.06658
Jordan,2020,83333.432556
Kazakhstan,2010,4975.269792
Kazakhstan,2011,3803.297562
Kazakhstan,2012,3130.995291
Kazakhstan,2013,1677.500677
Kazakhstan,2014,2384.740287
Kazakhstan,2015,2789.218117
Kazakhstan,2016,2200.930832
Kazakhstan,2017,2312.153027
Kazakhstan,2018,2207.057226
Kazakhstan,2019,2037.780919
Kazakhstan,2020,2507.480678
Kenya,2010,44822.120096
Kenya,2011,70169.606286
Kenya,2012,76975.973859
Kenya,2013,91840.436699
Kenya,2014,77759.364162
Kenya,2015,74130.369989
Kenya,2016,67525.653718
Kenya,2017,75417.858673
Kenya,2018,75437.152576
Kenya,2019,95018.812247
Kenya,2020,116841.611543
Kiribati,2010,464.809413
Kiribati,2011,1063.882906
Kiribati,2012,1045.720624
Kiribati,2013,1213.027813
Kiribati,2014,1608.31685
Kiribati,2015,1498.825411
Kiribati,2016,1377.114392
Kiribati,2017,1763.335394
Kiribati,2018,1936.72215
Kiribati,2019,1191.328695
Kiribati,2020,1167.51913
Kosovo,2010,15284.151376
Kosovo,2011,15353.736744
Kosovo,2012,15048.047591
Kosovo,2013,15094.276956
Kosovo,2014,15736.190144
Kosovo,2015,14053.188717000001
Kosovo,2016,11560.27139
Kosovo,2017,11794.531939
Kosovo,2018,9516.670799
Kosovo,2019,10064.419657
Kosovo,2020,15333.457109
Kyrgyzstan,2010,7892.259669
Kyrgyzstan,2011,10526.667919
Kyrgyzstan,2012,10342.660996
Kyrgyzstan,2013,10897.635301
Kyrgyzstan,2014,11804.291217
Kyrgyzstan,2015,14291.430551
Kyrgyzstan,2016,9910.309649
Kyrgyzstan,2017,10037.293837
Kyrgyzstan,2018,9805.816612
Kyrgyzstan,2019,9864.129596
Kyrgyzstan,2020,11455.50152
Land locked developing countries,2010,599799.723762
Land locked developing countries,2011,658532.08972
Land locked developing countries,2012,689258.585103
Land locked developing countries,2013,679351.686472
Land locked developing countries,2014,687387.741909
Land locked developing countries,2015,717557.115262
Land locked developing countries,2016,765563.326727
Land locked developing countries,2017,815927.247673
Land locked developing countries,2018,819679.157335
Land locked developing countries,2019,836212.902649
Land locked developing countries,2020,963879.282377
Lao People’s Democratic Republic,2010,8060.802586
Lao People’s Democratic Republic,2011,8503.926946
Lao People’s Democratic Republic,2012,9233.909744
Lao People’s Democratic Republic,2013,9528.462692
Lao People’s Democratic Republic,2014,10381.706558
Lao People’s Democratic Republic,2015,11266.462663
Lao People’s Democratic Republic,2016,10245.04179
Lao People’s Democratic Republic,2017,12380.265738
Lao People’s Democratic Republic,2018,19634.109433
Lao People’s Democratic Republic,2019,16680.669879
Lao People’s Democratic Republic,2020,12722.228778
Least developed countries,2010,1113439.465903
Least developed countries,2011,1189827.364358
Least developed countries,2012,1133571.115156
Least developed countries,2013,1240693.010655
Least developed countries,2014,1158645.526331
Least developed countries,2015,1226561.685214
Least developed countries,2016,1259790.013292
Least developed countries,2017,1387736.087915
Least developed countries,2018,1459029.289077
Least developed countries,2019,1468600.313832
Least developed countries,2020,1718189.006701
Lebanon,2010,11883.494561
Lebanon,2011,12841.654014
Lebanon,2012,21567.546894
Lebanon,2013,17333.882319
Lebanon,2014,22817.335147
Lebanon,2015,29763.64988
Lebanon,2016,37492.117733
Lebanon,2017,39531.634129
Lebanon,2018,40625.417381
Lebanon,2019,37128.033806
Lebanon,2020,42048.649846
Lesotho,2010,6319.833434
Lesotho,2011,6643.414363
Lesotho,2012,7350.600659
Lesotho,2013,8417.917338
Lesotho,2014,2816.153735
Lesotho,2015,2353.453732
Lesotho,2016,3287.329857
Lesotho,2017,4136.224689
Lesotho,2018,4365.111717
Lesotho,2019,4022.264419
Lesotho,2020,4685.838428
Liberia,2010,39875.324819
Liberia,2011,21531.222343
Liberia,2012,14739.530287
Liberia,2013,13768.712267
Liberia,2014,19871.601561
Liberia,2015,32508.103502
Liberia,2016,23475.587709
Liberia,2017,17261.789379
Liberia,2018,15858.906801
Liberia,2019,16130.645917
Liberia,2020,17129.211938
Libya,2010,524.4308990000001
Libya,2011,17561.60887
Libya,2012,3150.564516
Libya,2013,3701.389804
Libya,2014,4840.318841
Libya,2015,3999.4800370000003
Libya,2016,5224.700943
Libya,2017,15035.205312
Libya,2018,8944.528793
Libya,2019,8915.24671
Libya,2020,8681.126992
Low income countries (World Bank),2010,698101.03607
Low income countries (World Bank),2011,789824.525722
Low income countries (World Bank),2012,716367.109054
Low income countries (World Bank),2013,749630.103009
Low income countries (World Bank),2014,768128.638471
Low income countries (World Bank),2015,850614.278338
Low income countries (World Bank),2016,933153.702839
Low income countries (World Bank),2017,1040657.9358409999
Low income countries (World Bank),2018,1089139.147721
Low income countries (World Bank),2019,1092458.691189
Low income countries (World Bank),2020,1258340.596791
Lower-middle income countries,2010,678540.727932
Lower-middle income countries,2011,816311.506171
Lower-middle income countries,2012,881174.065591
Lower-middle income countries,2013,928706.941646
Lower-middle income countries,2014,986259.805408
Lower-middle income countries,2015,1021211.412798
Lower-middle income countries,2016,982678.906586
Lower-middle income countries,2017,1006789.831688
Lower-middle income countries,2018,910837.122174
Lower-middle income countries,2019,979109.567884
Lower-middle income countries,2020,1195226.731754
Lower-middle income countries (World Bank),2010,1045299.733448
Lower-middle income countries (World Bank),2011,1152725.253892
Lower-middle income countries (World Bank),2012,1245659.449196
Lower-middle income countries (World Bank),2013,1416161.263905
Lower-middle income countries (World Bank),2014,1371192.315185
Lower-middle income countries (World Bank),2015,1399767.947542
Lower-middle income countries (World Bank),2016,1377501.861309
Lower-middle income countries (World Bank),2017,1441329.317381
Lower-middle income countries (World Bank),2018,1365833.513763
Lower-middle income countries (World Bank),2019,1451981.633661
Lower-middle income countries (World Bank),2020,1691338.430831
Madagascar,2010,11217.144029000001
Madagascar,2011,12304.278727
Madagascar,2012,10455.652822
Madagascar,2013,13914.54805
Madagascar,2014,16363.452324
Madagascar,2015,21554.081036
Madagascar,2016,19591.043659
Madagascar,2017,23343.517816
Madagascar,2018,21648.412068
Madagascar,2019,20848.89752
Madagascar,2020,34170.264509
Malawi,2010,23444.822419
Malawi,2011,20042.78673
Malawi,2012,29342.06589
Malawi,2013,28443.577472
Malawi,2014,24261.308565
Malawi,2015,28904.564152
Malawi,2016,35400.026965
Malawi,2017,42211.01062
Malawi,2018,33599.109682
Malawi,2019,31731.811636
Malawi,2020,38205.414662
Malaysia,2010,1139.130855
Malaysia,2011,1879.6448619999999
Malaysia,2012,1126.3612190000001
Malaysia,2013,-589.085185
Malaysia,2014,1075.209257
Malaysia,2015,879.4067210000001
Malaysia,2016,46.852213000000006
Malaysia,2017,648.871815
Malaysia,2018,420.199676
Malaysia,2019,1033.4284499999999
Malaysia,2020,861.1212959999999
Maldives,2010,1540.124824
Maldives,2011,1089.661116
Maldives,2012,1478.215738
Maldives,2013,603.500422
Maldives,2014,658.065332
Maldives,2015,740.058121
Maldives,2016,669.674857
Maldives,2017,1145.75522
Maldives,2018,2137.87743
Maldives,2019,1506.839564
Maldives,2020,6930.13118
Mali,2010,26494.682016
Mali,2011,33256.171436
Mali,2012,28390.02544
Mali,2013,38330.203629999996
Mali,2014,34107.475035
Mali,2015,38022.509382
Mali,2016,37083.544168
Mali,2017,40497.820177
Mali,2018,44965.391132
Mali,2019,50581.571064
Mali,2020,43730.068002
Marshall Islands,2010,519.298806
Marshall Islands,2011,2201.478399
Marshall Islands,2012,2034.925412
Marshall Islands,2013,2348.140785
Marshall Islands,2014,1381.647215
Marshall Islands,2015,1399.332407
Marshall Islands,2016,297.386761
Marshall Islands,2017,1800.3274270000002
Marshall Islands,2018,1564.566789
Marshall Islands,2019,1644.802625
Marshall Islands,2020,4065.283294
Mauritania,2010,8391.602064
Mauritania,2011,10293.491709
Mauritania,2012,11449.379886
Mauritania,2013,8147.901246
Mauritania,2014,6783.5872739999995
Mauritania,2015,8774.855436
Mauritania,2016,8305.43736
Mauritania,2017,8470.959504
Mauritania,2018,11439.211292
Mauritania,2019,10909.666045
Mauritania,2020,16420.432202
Mauritius,2010,4194.39985
Mauritius,2011,5769.157528
Mauritius,2012,5639.914266
Mauritius,2013,4765.144097
Mauritius,2014,2256.719005
Mauritius,2015,3081.131497
Mauritius,2016,1799.389545
Mauritius,2017,679.949825
Mauritius,2018,2608.215595
Mauritius,2019,467.471168
Mauritius,2020,12639.8549
Mayotte,2010,20460.706735
Melanesia,2010,21563.962836
Melanesia,2011,19336.183117
Melanesia,2012,22042.167909
Melanesia,2013,21681.948126
Melanesia,2014,19371.372363
Melanesia,2015,25188.664352
Melanesia,2016,22899.563291
Melanesia,2017,23239.410705
Melanesia,2018,29437.573568
Melanesia,2019,26337.572464
Melanesia,2020,37654.863434
Melanesia unspecified,2019,141.664578
Melanesia unspecified,2020,355.184622
Mexico,2010,15736.55308
Mexico,2011,31455.75938
Mexico,2012,13788.390296
Mexico,2013,20298.030141
Mexico,2014,27281.523391
Mexico,2015,11523.806721
Mexico,2016,31049.110592
Mexico,2017,28519.308568
Mexico,2018,17635.714637
Mexico,2019,20755.57097
Mexico,2020,24929.381106
Micronesia,2010,5286.855177
Micronesia,2011,10836.92324
Micronesia,2012,11273.088229
Micronesia,2013,11939.785945
Micronesia,2014,9891.368507
Micronesia,2015,7965.963646
Micronesia,2016,5348.563636
Micronesia,2017,10391.290873
Micronesia,2018,11185.710897
Micronesia,2019,8758.798136
Micronesia,2020,15439.297658
Micronesia unspecified,2020,8.141472
Middle Africa,2010,207353.829053
Middle Africa,2011,230183.793074
Middle Africa,2012,136916.35923
Middle Africa,2013,125850.539309
Middle Africa,2014,132450.581155
Middle Africa,2015,157192.009534
Middle Africa,2016,136678.340586
Middle Africa,2017,157074.204344
Middle Africa,2018,168668.137585
Middle Africa,2019,178795.314543
Middle Africa,2020,198612.933805
Middle Africa unspecified,2018,368.334635
Middle Africa unspecified,2019,576.922852
Middle Africa unspecified,2020,2408.797652
Middle East,2010,221414.191514
Middle East,2011,233508.495732
Middle East,2012,205967.677159
Middle East,2013,356891.37835
Middle East,2014,465046.668526
Middle East,2015,356179.111441
Middle East,2016,513864.35343
Middle East,2017,596424.167282
Middle East,2018,636782.490951
Middle East,2019,595387.290726
Middle East,2020,583668.867871
Middle East unspecified,2010,36223.207972000004
Middle East unspecified,2011,61400.675226
Middle East unspecified,2012,17432.131081
Middle East unspecified,2013,89030.060207
Middle East unspecified,2014,165200.12389
Middle East unspecified,2015,19165.748655
Middle East unspecified,2016,18812.665269
Middle East unspecified,2017,23007.255793
Middle East unspecified,2018,19465.764134
Middle East unspecified,2019,26389.568399
Middle East unspecified,2020,22302.658718
Moldova,2010,11372.194734
Moldova,2011,11964.609062
Moldova,2012,13456.077181
Moldova,2013,9629.310145
Moldova,2014,14680.824138
Moldova,2015,9894.932895
Moldova,2016,9407.916429
Moldova,2017,8286.659014
Moldova,2018,8626.483868
Moldova,2019,10971.22209
Moldova,2020,16526.919805
Mongolia,2010,6618.493075
Mongolia,2011,8331.780442
Mongolia,2012,10887.615378
Mongolia,2013,10039.072421
Mongolia,2014,7418.047289
Mongolia,2015,6330.268045
Mongolia,2016,8091.243356
Mongolia,2017,18115.273663
Mongolia,2018,8822.701421
Mongolia,2019,8162.788032
Mongolia,2020,18489.716659
Montenegro,2010,2186.83494
Montenegro,2011,3490.706621
Montenegro,2012,2860.434622
Montenegro,2013,3468.1132039999998
Montenegro,2014,3145.831897
Montenegro,2015,3531.204785
Montenegro,2016,3168.4089129999998
Montenegro,2017,4005.774127
Montenegro,2018,5285.07945
Montenegro,2019,3625.216669
Montenegro,2020,6898.954122
Montserrat,2010,684.739296
Montserrat,2011,1059.54723
Montserrat,2012,932.5288909999999
Montserrat,2013,1244.145721
Montserrat,2014,857.8670910000001
Montserrat,2015,1168.484251
Montserrat,2016,1001.742691
Montserrat,2017,946.187166
Montserrat,2018,1040.677071
Montserrat,2019,940.164062
Montserrat,2020,1188.728901
More advanced developed countries and territories,2010,35932.709453
More advanced developed countries and territories,2011,7344.317094
More advanced developed countries and territories,2012,6449.153919
More advanced developed countries and territories,2013,5594.210694
More advanced developed countries and territories,2014,12619.593637
More advanced developed countries and territories,2015,3306.080267
More advanced developed countries and territories,2016,8775.685457
More advanced developed countries and territories,2017,5562.323462
More advanced developed countries and territories,2018,1058.065
More advanced developed countries and territories,2019,1184.829596
More advanced developed countries and territories,2020,1024.699625
Morocco,2010,29358.893191
Morocco,2011,42292.721415
Morocco,2012,47181.826938
Morocco,2013,60306.903001
Morocco,2014,66640.004613
Morocco,2015,53146.444908
Morocco,2016,69981.867434
Morocco,2017,69932.112819
Morocco,2018,27000.086626
Morocco,2019,31267.296868
Morocco,2020,65346.779705
Mozambique,2010,48514.804215
Mozambique,2011,53742.387077
Mozambique,2012,54119.268549
Mozambique,2013,60676.818258
Mozambique,2014,54668.861912
Mozambique,2015,52673.678251
Mozambique,2016,45158.889888
Mozambique,2017,48474.55913
Mozambique,2018,48151.52849
Mozambique,2019,50389.600488
Mozambique,2020,66480.156619
Multilateral Investment Guarantee Agency [MIGA],2015,105.04714
Namibia,2010,6951.609579
Namibia,2011,8054.732228
Namibia,2012,7352.621366
Namibia,2013,7303.387607000001
Namibia,2014,6284.3780990000005
Namibia,2015,4782.709901
Namibia,2016,6031.854186
Namibia,2017,5968.127853
Namibia,2018,4926.333358
Namibia,2019,5012.843468
Namibia,2020,5488.092024
Nauru,2010,549.530081
Nauru,2011,627.6650080000001
Nauru,2012,568.687371
Nauru,2013,474.861763
Nauru,2014,427.613701
Nauru,2015,688.724409
Nauru,2016,509.405211
Nauru,2017,1254.00899
Nauru,2018,794.440619
Nauru,2019,1055.962565
Nauru,2020,591.699776
Nepal,2010,16595.154283
Nepal,2011,19177.16948
Nepal,2012,19634.230666
Nepal,2013,22574.929084
Nepal,2014,22199.330993
Nepal,2015,35285.45267
Nepal,2016,31470.611893
Nepal,2017,36833.624128
Nepal,2018,42536.170059
Nepal,2019,38740.562379
Nepal,2020,48632.957688
Nicaragua,2010,12644.479436
Nicaragua,2011,12404.011806999999
Nicaragua,2012,14026.390358999999
Nicaragua,2013,12646.367955
Nicaragua,2014,11280.388329
Nicaragua,2015,13605.314585
Nicaragua,2016,12462.314022
Nicaragua,2017,16101.082356
Nicaragua,2018,10035.493886
Nicaragua,2019,10980.984657
Nicaragua,2020,12998.997594
Niger,2010,19916.591505
Niger,2011,18414.212512000002
Niger,2012,26010.123726
Niger,2013,22231.160962
Niger,2014,25152.004242
Niger,2015,26764.073247
Niger,2016,30418.750786
Niger,2017,36605.497048
Niger,2018,37758.117601
Niger,2019,42302.065884
Niger,2020,53784.5403
Nigeria,2010,34277.793166
Nigeria,2011,52179.441671
Nigeria,2012,53286.517025
Nigeria,2013,70604.53861
Nigeria,2014,70216.253896
Nigeria,2015,72871.907689999993
Nigeria,2016,78350.58708699999
Nigeria,2017,104482.445874
Nigeria,2018,102314.981701
Nigeria,2019,100507.07947899999
Nigeria,2020,99812.17585
Niue,2010,316.532356
Niue,2011,371.837649
Niue,2012,343.514891
Niue,2013,307.857872
Niue,2014,222.80591
Niue,2015,368.873871
Niue,2016,260.593736
Niue,2017,289.552877
Niue,2018,349.295772
Niue,2019,349.925399
Niue,2020,414.813539
North Macedonia,2010,4806.189096
North Macedonia,2011,5447.84165
North Macedonia,2012,4597.856838
North Macedonia,2013,6224.374476
North Macedonia,2014,6491.8905700000005
North Macedonia,2015,6965.5615609999995
North Macedonia,2016,5156.710439
North Macedonia,2017,4699.436287
North Macedonia,2018,5281.714405
North Macedonia,2019,4500.230151
North Macedonia,2020,8917.697414
Northern Africa,2010,83300.251825
Northern Africa,2011,123499.361421
Northern Africa,2012,141854.216863
Northern Africa,2013,187256.121185
Northern Africa,2014,164516.01622
Northern Africa,2015,147092.492915
Northern Africa,2016,174639.193209
Northern Africa,2017,143672.009123
Northern Africa,2018,136321.763959
Northern Africa,2019,137135.860104
Northern Africa,2020,176729.893259
Northern Africa unspecified,2010,10120.921373000001
Northern Africa unspecified,2011,14616.485563
Northern Africa unspecified,2012,6835.73336
Northern Africa unspecified,2013,7211.969585
Northern Africa unspecified,2014,8238.495757
Northern Africa unspecified,2015,11763.017407
Northern Africa unspecified,2016,10163.909834
Northern Africa unspecified,2017,6209.450389
Northern Africa unspecified,2018,15191.868317
Northern Africa unspecified,2019,3584.848818
Northern Africa unspecified,2020,13736.493611
Oceania,2010,39559.386597
Oceania,2011,43328.314384
Oceania,2012,44121.465057
Oceania,2013,44737.101014
Oceania,2014,39842.482638
Oceania,2015,46654.170465
Oceania,2016,41528.090992
Oceania,2017,48305.812678
Oceania,2018,55129.600476
Oceania,2019,51923.45652
Oceania,2020,71938.032958
Oceania unspecified,2010,5787.192981
Oceania unspecified,2011,7074.702525
Oceania unspecified,2012,5359.692882
Oceania unspecified,2013,5727.358075
Oceania unspecified,2014,5209.951945
Oceania unspecified,2015,5844.997322
Oceania unspecified,2016,5583.369859
Oceania unspecified,2017,7755.172374
Oceania unspecified,2018,8273.743164
Oceania unspecified,2019,8220.247322
Oceania unspecified,2020,10481.842215
Oman,2010,220.043772
Other EU institutions,2010,909.973104
Other EU institutions,2011,1775.24856
Other EU institutions,2012,2809.187864
Other EU institutions,2013,2167.4651400000002
Other EU institutions,2014,484.27239599999996
Other EU institutions,2015,929.576544
Other EU institutions,2016,3245.763024
Other EU institutions,2017,55.843584
Other EU institutions,2018,2651.627928
Other EU institutions,2019,538.5993599999999
Other EU institutions,2020,-341.332488
Other Multilateral,2010,149139.587606
Other Multilateral,2011,147826.238866
Other Multilateral,2012,180772.844192
Other Multilateral,2013,198247.521402
Other Multilateral,2014,215339.495616
Other Multilateral,2015,207016.061329
Other Multilateral,2016,238348.156987
Other Multilateral,2017,236048.279342
Other Multilateral,2018,207521.635058
Other Multilateral,2019,198597.26262
Other Multilateral,2020,260146.86297
Other Regional Banks,2010,7198.827028
Other Regional Banks,2011,5942.233954
Other Regional Banks,2012,5954.831015
Other Regional Banks,2013,4324.85788
Other Regional Banks,2014,3073.656815
Other Regional Banks,2015,1286.402865
Other Regional Banks,2016,53060.627234
Other Regional Banks,2017,37057.686769
Other Regional Banks,2018,35116.558372
Other Regional Banks,2019,32250.412684
Other Regional Banks,2020,5855.644854
Other UN,2010,75773.161221
Other UN,2011,69405.164594
Other UN,2012,76476.946792
Other UN,2013,81162.21206
Other UN,2014,79064.640136
Other UN,2015,82486.247396
Other UN,2016,85594.522819
Other UN,2017,89374.496719
Other UN,2018,88335.694458
Other UN,2019,114512.776899
Other UN,2020,124124.614138
Other World Bank (AMCs),2010,2378.5507119999997
Other World Bank (AMCs),2011,5230.10353
Other World Bank (AMCs),2012,4617.204516
Other World Bank (AMCs),2013,3485.784137
Other World Bank (AMCs),2014,1718.703432
Other World Bank (AMCs),2015,2893.863428
Other World Bank (AMCs),2016,2832.812524
Other World Bank (AMCs),2017,2967.419748
Other World Bank (AMCs),2018,1420.20996
Other World Bank (AMCs),2019,2531.966072
Other World Bank (AMCs),2020,703.549642
Other low income countries,2010,8987.511358
Other low income countries,2011,10424.676131
Other low income countries,2012,34273.396742
Other low income countries,2013,83572.184632
Other low income countries,2014,89407.834367
Other low income countries,2015,114612.16888
Other low income countries,2016,196737.221818
Other low income countries,2017,229565.714465
Other low income countries,2018,235027.182523
Other low income countries,2019,240992.227511
Other low income countries,2020,248881.215709
Pakistan,2010,78180.191448
Pakistan,2011,103345.481875
Pakistan,2012,56537.429003
Pakistan,2013,58511.641012
Pakistan,2014,101662.473741
Pakistan,2015,112511.464517
Pakistan,2016,89757.48285
Pakistan,2017,74080.137257
Pakistan,2018,42658.580989
Pakistan,2019,63307.068379
Pakistan,2020,79512.381784
Palau,2010,659.340161
Palau,2011,622.202665
Palau,2012,250.407678
Palau,2013,716.758224
Palau,2014,520.978889
Palau,2015,286.276435
Palau,2016,381.16227499999997
Palau,2017,472.223283
Palau,2018,1956.601178
Palau,2019,468.415078
Palau,2020,1402.954883
Palestine/West Bank,2010,64606.356379
Palestine/West Bank,2011,60523.892369
Palestine/West Bank,2012,47519.295842
Palestine/West Bank,2013,64859.673694
Palestine/West Bank,2014,59514.440187
Palestine/West Bank,2015,50513.296109999996
Palestine/West Bank,2016,65197.837455
Palestine/West Bank,2017,54621.291888
Palestine/West Bank,2018,54910.99996
Palestine/West Bank,2019,54421.643391
Palestine/West Bank,2020,49029.851881
Panama,2010,2434.380924
Panama,2011,2284.795024
Panama,2012,1383.483934
Panama,2013,136.83779400000003
Panama,2014,-3908.605172
Panama,2015,438.86823699999997
Panama,2016,867.158869
Panama,2017,1546.787996
Panama,2018,1273.467948
Panama,2019,2701.76431
Panama,2020,3046.674227
Papua New Guinea,2010,10679.394808
Papua New Guinea,2011,10621.841278
Papua New Guinea,2012,12822.295712
Papua New Guinea,2013,12913.036116
Papua New Guinea,2014,11824.171865
Papua New Guinea,2015,14091.459456999999
Papua New Guinea,2016,12957.667325
Papua New Guinea,2017,12103.509354
Papua New Guinea,2018,19577.955629
Papua New Guinea,2019,15241.052653
Papua New Guinea,2020,24439.501698
Paraguay,2010,3307.739808
Paraguay,2011,2500.471421
Paraguay,2012,3289.936767
Paraguay,2013,3724.214229
Paraguay,2014,2068.631331
Paraguay,2015,2002.711188
Paraguay,2016,3025.684574
Paraguay,2017,4591.262807
Paraguay,2018,4922.966317
Paraguay,2019,3971.582425
Paraguay,2020,8086.691679
Peru,2010,3547.2429749999997
Peru,2011,17684.306503
Peru,2012,12331.584816
Peru,2013,11186.001868
Peru,2014,9896.024464
Peru,2015,10994.970314
Peru,2016,10611.786774
Peru,2017,7425.642388
Peru,2018,14463.765477
Peru,2019,15679.594284
Peru,2020,16681.472141
Philippines,2010,19944.531161
Philippines,2011,4329.61975
Philippines,2012,5754.81634
Philippines,2013,9617.681199
Philippines,2014,21793.542025
Philippines,2015,16424.955151
Philippines,2016,11824.849069
Philippines,2017,6877.8810809999995
Philippines,2018,15151.547697
Philippines,2019,21766.514658
Philippines,2020,38249.623738
Polynesia,2010,8468.313961
Polynesia,2011,9241.352652
Polynesia,2012,9133.189599
Polynesia,2013,8981.507596
Polynesia,2014,8346.195779
Polynesia,2015,9700.947628
Polynesia,2016,9088.341709
Polynesia,2017,9469.909097
Polynesia,2018,8699.262923
Polynesia,2019,10805.943277
Polynesia,2020,12463.844453
Polynesia unspecified,2019,9.65024
Republic of the Congo,2010,46052.454267
Republic of the Congo,2011,8638.174136
Republic of the Congo,2012,4355.816016
Republic of the Congo,2013,4238.490224
Republic of the Congo,2014,3066.569379
Republic of the Congo,2015,2918.010399
Republic of the Congo,2016,2856.370932
Republic of the Congo,2017,3419.915049
Republic of the Congo,2018,4617.529829
Republic of the Congo,2019,6290.815493
Republic of the Congo,2020,6519.090941
Rwanda,2010,24349.985683
Rwanda,2011,33388.271523
Rwanda,2012,22923.660078
Rwanda,2013,27361.979766
Rwanda,2014,27616.775811
Rwanda,2015,30992.157539
Rwanda,2016,34267.159637
Rwanda,2017,36192.401784
Rwanda,2018,32955.617415
Rwanda,2019,33082.637873
Rwanda,2020,47925.846773
Saint Helena,2010,1302.0004649999998
Saint Helena,2011,1935.014584
Saint Helena,2012,3775.882982
Saint Helena,2013,3122.874354
Saint Helena,2014,2769.317726
Saint Helena,2015,1964.764047
Saint Helena,2016,2729.904526
Saint Helena,2017,1707.011111
Saint Helena,2018,1665.837593
Saint Helena,2019,1273.435421
Saint Helena,2020,1672.615973
Saint Kitts and Nevis,2010,358.613573
Saint Kitts and Nevis,2011,416.462308
Saint Kitts and Nevis,2012,591.6837850000001
Saint Kitts and Nevis,2013,776.843999
Saint Lucia,2010,964.558686
Saint Lucia,2011,880.08907
Saint Lucia,2012,729.251841
Saint Lucia,2013,726.795603
Saint Lucia,2014,503.228166
Saint Lucia,2015,443.813809
Saint Lucia,2016,599.990509
Saint Lucia,2017,480.59764
Saint Lucia,2018,296.508032
Saint Lucia,2019,712.917324
Saint Lucia,2020,2252.0755560000002
Saint Vincent and the Grenadines,2010,474.529896
Saint Vincent and the Grenadines,2011,460.928637
Saint Vincent and the Grenadines,2012,245.930544
Saint Vincent and the Grenadines,2013,286.777017
Saint Vincent and the Grenadines,2014,284.339072
Saint Vincent and the Grenadines,2015,417.122343
Saint Vincent and the Grenadines,2016,383.989127
Saint Vincent and the Grenadines,2017,306.01957
Saint Vincent and the Grenadines,2018,438.904063
Saint Vincent and the Grenadines,2019,2175.475011
Saint Vincent and the Grenadines,2020,2134.062689
Samoa,2010,2209.834488
Samoa,2011,1860.996507
Samoa,2012,2407.141594
Samoa,2013,2487.80588
Samoa,2014,1896.352963
Samoa,2015,2314.293517
Samoa,2016,2529.064419
Samoa,2017,3216.034207
Samoa,2018,2868.866137
Samoa,2019,2870.119238
Samoa,2020,3646.073687
Sao Tome and Principe,2010,1412.816551
Sao Tome and Principe,2011,2022.148022
Sao Tome and Principe,2012,1426.307032
Sao Tome and Principe,2013,1455.23643
Sao Tome and Principe,2014,1096.150283
Sao Tome and Principe,2015,1599.319307
Sao Tome and Principe,2016,1409.338249
Sao Tome and Principe,2017,1211.786672
Sao Tome and Principe,2018,1489.173673
Sao Tome and Principe,2019,1456.71239
Sao Tome and Principe,2020,2456.706801
Senegal,2010,23258.796795
Senegal,2011,28902.10511
Senegal,2012,31707.723642
Senegal,2013,28406.830438
Senegal,2014,32065.874143
Senegal,2015,27295.982276
Senegal,2016,23466.215263
Senegal,2017,28124.278698000002
Senegal,2018,30686.805438
Senegal,2019,45576.72211
Senegal,2020,48503.409867
Serbia,2010,19642.090825
Serbia,2011,40641.984623000004
Serbia,2012,33273.596909
Serbia,2013,23633.46417
Serbia,2014,12296.990862
Serbia,2015,13829.91872
Serbia,2016,21577.889472
Serbia,2017,41105.955761
Serbia,2018,31008.570238
Serbia,2019,18118.311093
Serbia,2020,16286.28717
Seychelles,2010,1275.628368
Seychelles,2011,528.483908
Seychelles,2012,826.238676
Seychelles,2013,688.277339
Seychelles,2014,345.738333
Seychelles,2015,200.15148200000002
Seychelles,2016,143.42694899999998
Seychelles,2017,458.611307
Sierra Leone,2010,10943.055292000001
Sierra Leone,2011,10924.850311
Sierra Leone,2012,11571.3408
Sierra Leone,2013,11386.634113
Sierra Leone,2014,23782.228765
Sierra Leone,2015,26379.768308
Sierra Leone,2016,19958.801363
Sierra Leone,2017,15344.921862
Sierra Leone,2018,13081.812489
Sierra Leone,2019,15585.092723
Sierra Leone,2020,21954.994552
Small island developing states,2010,180954.354818
Small island developing states,2011,133421.876944
Small island developing states,2012,128424.76155
Small island developing states,2013,118867.784185
Small island developing states,2014,108837.655711
Small island developing states,2015,125348.610115
Small island developing states,2016,197464.39697
Small island developing states,2017,125929.460702
Small island developing states,2018,138224.301772
Small island developing states,2019,116621.386145
Small island developing states,2020,173345.091034
Solomon Islands,2010,6979.321275
Solomon Islands,2011,5710.806342
Solomon Islands,2012,5418.644036
Solomon Islands,2013,5216.630617
Solomon Islands,2014,3802.738011
Solomon Islands,2015,4129.627015
Solomon Islands,2016,3914.283061
Solomon Islands,2017,4429.917093
Solomon Islands,2018,3970.348991
Solomon Islands,2019,4743.964313
Solomon Islands,2020,4702.920202
Somalia,2010,14279.317891
Somalia,2011,27160.47226
Somalia,2012,25356.34791
Somalia,2013,25717.020615
Somalia,2014,27236.609835
Somalia,2015,31596.124649
Somalia,2016,32645.665268
Somalia,2017,53167.821862
Somalia,2018,45110.212171
Somalia,2019,49007.945952
Somalia,2020,90070.047261
South Africa,2010,29793.08166
South Africa,2011,40123.416434
South Africa,2012,31079.095839
South Africa,2013,37982.835683
South Africa,2014,31628.374693
South Africa,2015,49357.819069
South Africa,2016,38646.170755
South Africa,2017,28758.757272
South Africa,2018,26065.596496
South Africa,2019,29436.692146
South Africa,2020,32949.470113999996
South America,2010,91007.663453
South America,2011,113817.819883
South America,2012,133078.827366
South America,2013,106497.242041
South America,2014,129772.837808
South America,2015,150037.30387
South America,2016,131229.729013
South America,2017,109259.91364299999
South America,2018,149874.564865
South America,2019,117968.587736
South America,2020,163632.790268
South America unspecified,2010,8732.795677
South America unspecified,2011,8138.3952
South America unspecified,2012,11021.396606
South America unspecified,2013,8701.567189
South America unspecified,2014,8673.303299
South America unspecified,2015,11784.429845999999
South America unspecified,2016,12601.801044
South America unspecified,2017,10057.639117
South America unspecified,2018,12852.298759
South America unspecified,2019,9633.78915
South America unspecified,2020,22437.005778
South Sudan,2010,0
South Sudan,2011,10456.883732
South Sudan,2012,31606.827055
South Sudan,2013,36775.039427
South Sudan,2014,55394.150747
South Sudan,2015,49102.722753
South Sudan,2016,49868.178399
South Sudan,2017,65939.280419
South Sudan,2018,46123.634997
South Sudan,2019,47935.95951
South Sudan,2020,51169.921541
Southern Africa,2010,49768.101723
Southern Africa,2011,61230.741061
Southern Africa,2012,50410.957113000004
Southern Africa,2013,59749.226353
Southern Africa,2014,45776.549258
Southern Africa,2015,61016.332757
Southern Africa,2016,54352.628514000004
Southern Africa,2017,45583.859426
Southern Africa,2018,40568.79917
Southern Africa,2019,42974.050729
Southern Africa,2020,49351.842261
Southern Africa unspecified,2019,805.204786
Southern Africa unspecified,2020,1405.534726
Southern Asia unspecified,2010,3043.188383
Southern Asia unspecified,2011,3065.559814
Southern Asia unspecified,2012,4004.496104
Southern Asia unspecified,2013,1862.176679
Southern Asia unspecified,2014,2419.960105
Southern Asia unspecified,2015,3181.768196
Southern Asia unspecified,2016,7009.749655
Southern Asia unspecified,2017,2481.020742
Southern Asia unspecified,2018,2958.845616
Southern Asia unspecified,2019,2915.639552
Southern Asia unspecified,2020,3376.086996
Southern and Central Asia,2010,459789.220844
Southern and Central Asia,2011,532205.098339
Southern and Central Asia,2012,461753.097342
Southern and Central Asia,2013,538952.510566
Southern and Central Asia,2014,543241.084955
Southern and Central Asia,2015,578493.108587
Southern and Central Asia,2016,537544.462099
Southern and Central Asia,2017,566804.838306
Southern and Central Asia,2018,521535.210279
Southern and Central Asia,2019,598389.050495
Southern and Central Asia,2020,675222.543254
Southern and Central Asia unspecified,2010,6526.466487
Southern and Central Asia unspecified,2011,4777.854284
Southern and Central Asia unspecified,2012,7948.482825
Southern and Central Asia unspecified,2013,5413.013788
Southern and Central Asia unspecified,2014,1808.174773
Southern and Central Asia unspecified,2015,3184.420001
Southern and Central Asia unspecified,2016,2104.680217
Southern and Central Asia unspecified,2017,4237.385021
Southern and Central Asia unspecified,2018,4813.638749
Southern and Central Asia unspecified,2019,2172.4869989999997
Southern and Central Asia unspecified,2020,1832.129072
Sri Lanka,2010,12474.187474
Sri Lanka,2011,15465.97739
Sri Lanka,2012,12584.797976
Sri Lanka,2013,11564.430888
Sri Lanka,2014,13419.444808
Sri Lanka,2015,14343.431529
Sri Lanka,2016,13596.307105
Sri Lanka,2017,10672.595742
Sri Lanka,2018,3438.5167170000004
Sri Lanka,2019,7577.6424799999995
Sri Lanka,2020,8423.210512
States ex-Yugoslavia unspecified,2010,568.766128
States ex-Yugoslavia unspecified,2011,451.877433
States ex-Yugoslavia unspecified,2012,109.621427
States ex-Yugoslavia unspecified,2013,114.313392
States ex-Yugoslavia unspecified,2014,253.652838
States ex-Yugoslavia unspecified,2015,212.078047
States ex-Yugoslavia unspecified,2016,200.319483
States ex-Yugoslavia unspecified,2017,173.565042
States ex-Yugoslavia unspecified,2018,153.662034
States ex-Yugoslavia unspecified,2019,323.64332
States ex-Yugoslavia unspecified,2020,326.308504
Sub-Saharan Africa,2010,1125628.995421
Sub-Saharan Africa,2011,1264896.917522
Sub-Saharan Africa,2012,1260845.711591
Sub-Saharan Africa,2013,1251982.800182
Sub-Saharan Africa,2014,1213430.643525
Sub-Saharan Africa,2015,1279155.656469
Sub-Saharan Africa,2016,1275097.628671
Sub-Saharan Africa,2017,1397303.77747
Sub-Saharan Africa,2018,1389729.82235
Sub-Saharan Africa,2019,1473846.552072
Sub-Saharan Africa,2020,1786913.89774
Sub-Saharan Africa unspecified,2010,69305.897341
Sub-Saharan Africa unspecified,2011,72005.29227
Sub-Saharan Africa unspecified,2012,84958.062666
Sub-Saharan Africa unspecified,2013,68413.968248
Sub-Saharan Africa unspecified,2014,97255.228707
Sub-Saharan Africa unspecified,2015,75507.441935
Sub-Saharan Africa unspecified,2016,84986.799762
Sub-Saharan Africa unspecified,2017,90035.895651
Sub-Saharan Africa unspecified,2018,97741.504452
Sub-Saharan Africa unspecified,2019,105343.576792
Sub-Saharan Africa unspecified,2020,90328.344275
Sudan,2010,57407.846427000004
Sudan,2011,47362.894381
Sudan,2012,36449.811327999996
Sudan,2013,42346.457441
Sudan,2014,23297.937987
Sudan,2015,25446.897371
Sudan,2016,23586.36985
Sudan,2017,22516.373045
Sudan,2018,27078.135206
Sudan,2019,35397.044869
Sudan,2020,50643.662748
Suriname,2010,2850.63624
Suriname,2011,2110.935351
Suriname,2012,1245.688507
Suriname,2013,918.60596
Suriname,2014,344.208756
Suriname,2015,496.270572
Suriname,2016,500.259899
Suriname,2017,623.93479
Suriname,2018,360.61748
Suriname,2019,566.555478
Suriname,2020,690.454102
Syria,2010,6933.244761
Syria,2011,7895.188184
Syria,2012,32087.354463
Syria,2013,81452.16908
Syria,2014,86611.187208
Syria,2015,111840.664024
Syria,2016,194157.084501
Syria,2017,226868.696427
Syria,2018,232554.281037
Syria,2019,238577.535583
Syria,2020,246665.025518
Tajikistan,2010,8595.872603
Tajikistan,2011,6958.276378
Tajikistan,2012,9441.039576
Tajikistan,2013,9063.27845
Tajikistan,2014,8479.111886
Tajikistan,2015,11064.526876
Tajikistan,2016,9088.480074000001
Tajikistan,2017,9090.791262
Tajikistan,2018,10152.736281
Tajikistan,2019,9079.396545
Tajikistan,2020,16618.350108
Tanzania,2010,61416.608338
Tanzania,2011,62292.68155
Tanzania,2012,72957.858842
Tanzania,2013,88939.161976
Tanzania,2014,69933.050674
Tanzania,2015,75585.12652
Tanzania,2016,67263.459513
Tanzania,2017,77545.691554
Tanzania,2018,69251.156548
Tanzania,2019,59745.563861
Tanzania,2020,61031.711882
Thailand,2010,2129.414628
Thailand,2011,-303.0624979999999
Thailand,2012,812.36875
Thailand,2013,4886.902266
Thailand,2014,9453.241916
Thailand,2015,3310.001662
Thailand,2016,6431.846136
Thailand,2017,7550.711515
Thailand,2018,-4084.026597
Thailand,2019,-2127.8007310000003
Thailand,2020,6932.74231
The Gambia,2010,2732.184679
The Gambia,2011,3304.005872
The Gambia,2012,3497.72365
The Gambia,2013,2780.970139
The Gambia,2014,2596.075768
The Gambia,2015,2855.966529
The Gambia,2016,2827.199771
The Gambia,2017,8043.286806
The Gambia,2018,6164.6067140000005
The Gambia,2019,5118.12882
The Gambia,2020,7543.274802
Timor-Leste,2010,6757.465882
Timor-Leste,2011,6041.18822
Timor-Leste,2012,6187.670881
Timor-Leste,2013,5486.267136
Timor-Leste,2014,5571.721822
Timor-Leste,2015,5316.2482039999995
Timor-Leste,2016,5581.130068
Timor-Leste,2017,5783.853526
Timor-Leste,2018,4895.428939
Timor-Leste,2019,5581.539111
Timor-Leste,2020,5910.152754
Togo,2010,13259.155893
Togo,2011,18146.721628
Togo,2012,6734.8423219999995
Togo,2013,5717.468843
Togo,2014,6051.159252
Togo,2015,6438.33899
Togo,2016,5376.535582
Togo,2017,10167.007381
Togo,2018,9124.221198
Togo,2019,11576.535391
Togo,2020,15324.037358
Tokelau,2010,283.58871700000003
Tokelau,2011,345.926411
Tokelau,2012,313.59559
Tokelau,2013,388.63248400000003
Tokelau,2014,296.61476799999997
Tokelau,2015,164.298888
Tokelau,2016,266.256851
Tokelau,2017,131.343098
Tokelau,2018,480.666826
Tokelau,2019,349.514738
Tokelau,2020,295.570803
Tonga,2010,1081.379265
Tonga,2011,1657.775155
Tonga,2012,1360.983388
Tonga,2013,1623.282753
Tonga,2014,1637.501867
Tonga,2015,1618.892726
Tonga,2016,1928.250087
Tonga,2017,1928.486951
Tonga,2018,2357.329166
Tonga,2019,2265.770331
Tonga,2020,3552.034347
Trinidad and Tobago,2010,132.58488
Tunisia,2010,17368.346745
Tunisia,2011,28850.127304
Tunisia,2012,32791.870036
Tunisia,2013,22929.204524
Tunisia,2014,24386.285941
Tunisia,2015,19855.889927
Tunisia,2016,25698.505968
Tunisia,2017,30011.415966
Tunisia,2018,27234.168792
Tunisia,2019,34790.477369
Tunisia,2020,35267.842624
Turkmenistan,2010,992.583992
Turkmenistan,2011,876.472752
Turkmenistan,2012,839.67044
Turkmenistan,2013,722.169199
Turkmenistan,2014,775.143968
Turkmenistan,2015,633.221736
Turkmenistan,2016,824.857999
Turkmenistan,2017,721.741497
Turkmenistan,2018,577.112623
Turkmenistan,2019,688.998591
Turkmenistan,2020,878.570981
Tuvalu,2010,237.311113
Tuvalu,2011,614.777214
Tuvalu,2012,421.293549
Tuvalu,2013,516.066238
Tuvalu,2014,641.512472
Tuvalu,2015,1049.303434
Tuvalu,2016,861.939966
Tuvalu,2017,655.713025
Tuvalu,2018,613.751836
Tuvalu,2019,765.22869
Tuvalu,2020,962.92505
Türkiye,2010,25269.802525
Türkiye,2011,100635.416107
Türkiye,2012,97910.547119
Türkiye,2013,58828.578614
Türkiye,2014,111505.395097
Türkiye,2015,84984.189968
Türkiye,2016,135242.666835
Türkiye,2017,122947.08296100001
Türkiye,2018,57080.084341
Türkiye,2019,43211.891967999996
Türkiye,2020,37102.491697
UNDP,2010,22602.546231
UNDP,2011,20756.027408
UNDP,2012,19128.00879
UNDP,2013,18812.144484
UNDP,2014,16187.592424
UNDP,2015,18217.196812000002
UNDP,2016,14083.020355999999
UNDP,2017,14762.020352
UNDP,2018,14910.332068
UNDP,2019,16314.51197
UNDP,2020,17984.125312
UNFPA,2010,11267.995912999999
UNFPA,2011,10023.0537
UNFPA,2012,10842.575652
UNFPA,2013,10690.806248
UNFPA,2014,10927.181416
UNFPA,2015,9255.060632
UNFPA,2016,9296.893524
UNFPA,2017,8573.241672
UNFPA,2018,9317.492528
UNFPA,2019,9018.5579
UNFPA,2020,10707.734448
UNHCR,2010,9678.793171
UNHCR,2011,9852.554298
UNHCR,2012,8377.07
UNHCR,2013,8716.803576
UNHCR,2014,9412.133504
UNHCR,2015,11714.536604
UNHCR,2016,9818.830404
UNHCR,2017,11637.881444
UNHCR,2018,11426.490964
UNHCR,2019,11015.224672
UNHCR,2020,11044.642528
UNICEF,2010,14231.188193
UNICEF,2011,15184.633872
UNICEF,2012,13921.138072
UNICEF,2013,13944.958284
UNICEF,2014,15396.587056
UNICEF,2015,13206.908143999999
UNICEF,2016,15441.850122
UNICEF,2017,14017.113628
UNICEF,2018,15342.723172
UNICEF,2019,14402.16166
UNICEF,2020,16069.281232000001
UNRWA,2010,8456.028549
UNRWA,2011,7031.42662
UNRWA,2012,8317.514479
UNRWA,2013,7330.274408
UNRWA,2014,5143.531936
UNRWA,2015,6054.981356
UNRWA,2016,4653.784656
UNRWA,2017,8825.750348
UNRWA,2018,10214.51334
UNRWA,2019,9793.33322
UNRWA,2020,10338.111232
Uganda,2010,37711.568111
Uganda,2011,41942.927236
Uganda,2012,43620.82252
Uganda,2013,45941.410182
Uganda,2014,42762.494328
Uganda,2015,46246.063414
Uganda,2016,50205.404183
Uganda,2017,58237.141072
Uganda,2018,54044.882207
Uganda,2019,58231.364623
Uganda,2020,84277.45797
Ukraine,2010,19017.546123
Ukraine,2011,20110.459203
Ukraine,2012,21742.095893
Ukraine,2013,21987.889128
Ukraine,2014,37420.621032
Ukraine,2015,48796.511253
Ukraine,2016,45332.992553
Ukraine,2017,37715.600126
Ukraine,2018,37579.059546
Ukraine,2019,37015.859276
Ukraine,2020,74728.073904
Upper-middle income countries,2010,524791.657357
Upper-middle income countries,2011,631431.879246
Upper-middle income countries,2012,563270.415011
Upper-middle income countries,2013,490346.789444
Upper-middle income countries,2014,535264.821181
Upper-middle income countries,2015,564571.831643
Upper-middle income countries,2016,705303.243407
Upper-middle income countries,2017,628755.537629
Upper-middle income countries,2018,598651.94122
Upper-middle income countries,2019,494326.74628
Upper-middle income countries,2020,685587.162822
Upper-middle income countries (World Bank),2010,485076.31357
Upper-middle income countries (World Bank),2011,594204.79442
Upper-middle income countries (World Bank),2012,544633.367764
Upper-middle income countries (World Bank),2013,456411.765405
Upper-middle income countries (World Bank),2014,522178.799947
Upper-middle income countries (World Bank),2015,566360.967014
Upper-middle income countries (World Bank),2016,690006.720321
Upper-middle income countries (World Bank),2017,627888.6646
Upper-middle income countries (World Bank),2018,583098.094025
Upper-middle income countries (World Bank),2019,479292.885865
Upper-middle income countries (World Bank),2020,717743.269752
Uruguay,2010,1257.647208
Uruguay,2011,442.711654
Uruguay,2012,558.602575
Uruguay,2013,1194.088277
Uruguay,2014,3220.2334570000003
Uruguay,2015,622.490773
Uruguay,2016,509.751044
Uruguay,2017,1548.800673
Uzbekistan,2010,3898.150933
Uzbekistan,2011,4054.729276
Uzbekistan,2012,7593.300969
Uzbekistan,2013,8361.815242
Uzbekistan,2014,8961.804468
Uzbekistan,2015,12876.100437000001
Uzbekistan,2016,12932.025538
Uzbekistan,2017,16487.083871
Uzbekistan,2018,28313.614035
Uzbekistan,2019,30609.875776
Uzbekistan,2020,40157.175267
Vanuatu,2010,2293.189797
Vanuatu,2011,1592.962606
Vanuatu,2012,1789.515014
Vanuatu,2013,1678.255872
Vanuatu,2014,1820.302103
Vanuatu,2015,4484.455417
Vanuatu,2016,3135.168116
Vanuatu,2017,3108.7005950000002
Vanuatu,2018,3225.059638
Vanuatu,2019,3299.326638
Vanuatu,2020,3458.058462
Venezuela,2010,1480.236891
Venezuela,2011,1354.582973
Venezuela,2012,1481.05457
Venezuela,2013,1128.020792
Venezuela,2014,1254.406132
Venezuela,2015,1252.487468
Venezuela,2016,1413.186712
Venezuela,2017,2631.880609
Venezuela,2018,4286.502247
Venezuela,2019,7870.440255
Venezuela,2020,9084.676111
Vietnam,2010,49621.550086
Vietnam,2011,83563.005415
Vietnam,2012,97222.16729
Vietnam,2013,105566.04707
Vietnam,2014,109057.126224
Vietnam,2015,90836.636911
Vietnam,2016,81750.016574
Vietnam,2017,66653.030713
Vietnam,2018,51219.282038
Vietnam,2019,38757.487635
Vietnam,2020,39633.538101
WFP,2010,8620.242486000001
WFP,2011,9220.471014
WFP,2012,7924.659296
WFP,2013,8313.0045
WFP,2014,9280.824772
WFP,2015,9763.690072
WFP,2016,9562.36896
WFP,2017,9665.614636
WFP,2018,9615.479344
WFP,2019,9238.567664
WFP,2020,9930.597459999999
Wallis and Futuna,2010,4057.68557
Wallis and Futuna,2011,3909.292172
Wallis and Futuna,2012,3885.341121
Wallis and Futuna,2013,3384.87219
Wallis and Futuna,2014,3170.912876
Wallis and Futuna,2015,3659.79601
Wallis and Futuna,2016,2743.114347
Wallis and Futuna,2017,2825.263631
Wallis and Futuna,2018,1407.041715
Wallis and Futuna,2019,3662.728125
Wallis and Futuna,2020,3592.059652
Western Africa,2010,302515.937533
Western Africa,2011,353278.618346
Western Africa,2012,417043.121244
Western Africa,2013,352014.813888
Western Africa,2014,350978.86690100003
Western Africa,2015,385034.393147
Western Africa,2016,363260.516659
Western Africa,2017,404613.773917
Western Africa,2018,410270.343673
Western Africa,2019,444394.101773
Western Africa,2020,555777.128028
Western Africa unspecified,2019,5154.476911
Western Africa unspecified,2020,18675.5072
Yemen,2010,13895.824063
Yemen,2011,13357.086753
Yemen,2012,19614.395169
Yemen,2013,28241.868351
Yemen,2014,29839.345794
Yemen,2015,37309.772113
Yemen,2016,49417.816557
Yemen,2017,79126.841432
Yemen,2018,129937.844987
Yemen,2019,88134.377357
Yemen,2020,65944.335271
Zambia,2010,23430.717004
Zambia,2011,25787.964271
Zambia,2012,24718.472596
Zambia,2013,28077.189316
Zambia,2014,26240.941686000002
Zambia,2015,23526.235707
Zambia,2016,28552.424909
Zambia,2017,28525.917041
Zambia,2018,27364.034199
Zambia,2019,26063.537559
Zambia,2020,26777.429406
Zimbabwe,2010,19791.121403
Zimbabwe,2011,18822.35381
Zimbabwe,2012,24803.988174000002
Zimbabwe,2013,20334.511999
Zimbabwe,2014,18910.417569
Zimbabwe,2015,20668.766085
Zimbabwe,2016,19287.16014
Zimbabwe,2017,19563.044234
Zimbabwe,2018,20803.419898
Zimbabwe,2019,23072.950722
Zimbabwe,2020,26311.913101
